,Код,ФИО,Место рождения,Годы жизни,Пол,Сфера деятельности,Примечание
0,1,Нестор,вероятно Киев,около 1056 - 1114 гг.,,Культура,"Святой Нестор Летописец - преподобный святой, монах Киево-Печерского монастыря, древнерусский историк и публицист. Первый летописец Руси. Погребен в Ближних пещерах преподобного Антония Печерского Киево-Печерской лавры."
1,2,Казимир IV (Ягайлович),Краков,29(30).11.1427 - 07.06.1492,,Государственная деятельность,"Великий князь литовский (с 1440), польский король (с 1447). Младший сын Ягайло (Владислава II Ягеллона) и княгини Софьи Гольшанской. После гибели старшего брата Владислава III не сразу принял предложение занять польский престол, предпочитая оставаться наследственным правителем Великого княжества Литовского."
2,3,Геродот,Бодрум (Галикарнас),около 484 г. до н. э. - около 425 г .до н. э.,,"Культура, образование","Геродот Галикарнасский () - древнегреческий историк. По крылатому выражению Цицерона «отец истории» - автор первого сохранившегося значительного трактата «История», описывающего греко-персидские войны и обычаи многих современных ему народов. Труды Геродота имели огромное значение для античной культуры."
3,4,Рогволод,,,,,
4,5,Тур,,,,,
5,7,Зденек Буриан,,,,,
6,8,Рябушкин Андрей,Томбовская губерния,,,,
7,9,Рерих Николай,Санкт-Петербург,,,,
8,10,Радим,,,,,Мифическая личность
9,11,Вятко,,,,,Мифическая личность
10,12,Рюрик,,,,,
11,13,Олег,,,,,Преемник Рюрика
12,14,Волчий хвост,,,,,
13,17,Владимир Великий,,,,,"Красное Солнышко, Владимир Святославич, Владимир Креститель"
14,18,Рогнеда,,,,,
15,19,Изяслав Владимирович,,,,,сын Владимира и Рогнеды
16,20,Дудченко Николай,,,,,
17,21,Брячислав Изяславович,,,,,
18,22,Ярослав Мудрый,,,,,
19,23,Всеслав Брячиславович (Чародей),,,,,Чародей
20,24,Татарников Павел,,,,,
21,25,"Ярославичи (Изяслав, Святослав, Всеволод)",,,,,Сыновья Ярослава Мудрого
22,26,Глеб Менский Всеславич,,,,,Сын Всеслава
23,27,Заяц Юрий,,,,,
24,28,Владимир Мономах,,,,,
25,29,Мстислав Великий,,,,,Старший сын Владимира Мономаха
26,30,Давыд Всеславич,,,,,
27,31,Борис (Рогволод) Всеславич,,,,,
28,33,Роман Всеславич,,,,,Сын Всеслава Брячиславовича
29,34,Святослав (Георгий) Всеславич,,,,,Сын Всеслава Брячиславовича
30,35,Ростислав Всеславич,,,,,Сын Всеслава Брячиславовича
31,36,Рогволод Борисович,,,,,"Сын Бориса, внук Всеслава Брячиславовича"
32,37,Ростислав Глебович,,,,,"Сын Глеба Менского, внук Всеслава Брячиславовича"
33,38,Володарь Глебович,,,,,"Сын Глеба Менского, внук Всеслава Брячиславовича"
34,39,Василько Святославич,,,,,"Сын Святослава (Георгия), внук Всеслава Брячиславовича"
35,40,Полоцкая Ефросинья,Полоцк,,,,"Дочь Святослава (Георгия), внучка Всеслава Брячиславовича"
36,41,Святополк Владимирович Окаянный,,,,,Сын Владимира Красное Солнышко
37,43,Борис Владимирович,,,,,Сын Владимира Красное Солнышко
38,44,Глеб Владимирович,,,,,Сын Владимира Красное солнышко
39,45,Ярополк Изяславич,,,,,"сын Изяслава, внук Ярослава Мудрого"
40,46,Святополк Изяславич,,,,,"сын Изяслава, внук Ярослава Мудрого"
41,47,Ярослав Святополчич,,,,,"сын Святополка, правнук Ярослава Мудрого"
42,48,Юрий Ярославич,,,,,"сын Ярослава, внук Святополка, правнук Изяслава Ярославича"
43,49,Иван Юрьевич,,,,,"сын Юрия, внук Ярослава, правнук Святополка, праправнук Изяслава Ярославича"
44,55,Изяслав Давыдович,,,,,
45,50,Святополк Юрьевич,,,,,"сын Юрия, внук Ярослава, правнук Святополка, праправнук Изяслава Ярославича"
46,51,Ярослав Юрьевич,,,,,"сын Юрия, внук Ярослава, правнук Святополка, праправнук Изяслава Ярославича"
47,52,Глеб Юрьевич,,,,,"сын Юрия, внук Ярослава, правнук Святополка, праправнук Изяслава Ярославича"
48,53,Ярополк Юрьевич,,,,,"сын Юрия, внук Ярослава, правнук Святополка, праправнук Изяслава Ярославича"
49,56,Архангел Михаил,,,,,Мифическая фигура
50,57,Всеволодко,,,,,зять Мономаха
51,58,Буксгевден Альберт,,,,,
52,59,Владимир Полоцкий (Вальдемар),,,,,
53,60,Всеволод (Висвальдис) Герсикский,,,,,личность не индетифицирована
54,61,Даугеруте,,,,,
55,62,Вячко (Вячеслав),,,,,
56,63,Азгур Заир Исаакович,,,,,
57,64,Яков Полочанин,,,,,
58,65,Невский Александр Ярославич,,,,,
59,66,Брячислав Василькович,,,,,
60,67,Параскева (Александра),,,,,
61,68,Батый,,,,,
62,69,Койдан (Кадан),,,,,
63,70,Кирилл и Мефодий,,,,,
64,71,Мина,,,,,
65,72,Фома,,,,,Епископ Туровский
66,73,Иванов Сергей,,,,,художник
67,74,Иисус Христос,,,,,
68,75,Туровский Кирилл,,,,,
69,76,Климова Наталья,,,,,
70,77,"Давыд, Тума, Микула, Петр",,,,,Строители софийского собора
71,78,Иоанн (Иван) Зодчий,,,,,"Зодчий, строитель"
72,79,Богша Лазарь,,,,,
73,80,Богородица,,,,,
74,81,Иоанн Креститель,,,,,
75,82,Николай Кузьмич,,,,,ювелир
76,83,Васина Зинаида,,,,,
77,84,Фёдоров Олег,,,,,
78,85,Владимир Василькович,,,,,
79,86,Давыд Игоревич,,,,,Буйный
80,87,Тарасов С.В.,,,,,
81,88,Степан,,,,,
82,89,Нежила,,,,,
83,90,Миндовг,,,,,
84,91,Витень,,,,,
85,92,Роман Данилович,,,,,сын Даниила Романовича
86,93,Шварн Данилович,,,,,сын Даниила Романовича
87,94,Варнас Адомас,,,,,
88,95,Войшелк,,,,,
89,96,Тройден,,,,,
90,97,Товтивил,,,,,
91,98,Эдивид,,,,,
92,99,Тройнат,,,,,
93,100,Довмонт (Тимофей),,,,,
94,102,Гедимин,,,,,
95,103,Ольгерд,,,,,
96,104,Острожский Даниил,,,,,
97,105,Орлёнов Артур,,,,,
98,106,Кориат,,,,,
99,107,Александр Кориатович,,,,,
100,108,Константин Кориатович,,,,,
101,109,Юрий Кориатович,,,,,
102,110,Федор Кориатович,,,,,
103,111,Евнут,,,,,Сын Гедимина
104,112,Кейстут,,,,,
105,113,Пукувер Будивид,,,,,
106,114,Мария Витебская,,,,,"Мария Ярославна, дочь Ярослава Васильевича, князя Витебского, первая жена Ольгерда, великого князя литовского"
107,115,Ярослав,,,,,"Ярослав, князь витебский"
108,116,Ярослав Васильевич,,,,,"Последний князь витебский, отец Марии Витебской."
109,117,Бирута Гедиминовна,,,,,жена Давыда Городенского
110,118,Давыд Городенский,,,,,"Сын Довмонта (Тимофея), князя Псковского. Муж Бируты Гедиминовны."
111,119,Андрей Полоцкий (Ольгердович),,,,,
112,120,Стрыйковский Матей,,,,,
113,121,Владислав Локетек,,,,,Король-принцепс Польши
114,122,Вольдемар (маркграф Бранденбургский),,,,,
115,123,Гост Андрей,,,,,Убийца Давыда Городенского
116,124,Ягайло (Владислав II),,,,,
117,125,Дмитрий Донской,,,,,
118,126,Витовт,,,,,
119,127,Андриолли Михал,,,,,
120,128,Ядвига Анжуйская,,,,,
121,129,Вильгельм Габсбург,,,,,
122,130,Монтвид,,,,,
123,131,Любарт,,,,,
124,132,Наримонт,,,,,
125,133,Скиргайло,,,,,
126,134,Микгайло,,,,,Вымышленный князь
127,135,Ян Длугош,,,,,
128,136,Тохтамыш,,,,,
129,137,Кутлуг Тимур,,,,,
130,138,Эдигей,,,,,
131,139,Стахевич Петр,,,,,
132,140,Сигизмунд I Люксембург,,,,,
133,141,Дюрер Альбрехт,,,,,
134,142,Сигизмунд Корибутович,,,,,
135,143,Жижка Ян,,,,,
136,144,Ульрих фон Юнгинген,,,,,
137,145,Матейко Ян,,,,,
138,146,Фридрих фон Валленрод,,,,,
139,147,Куна фон Лихтенштейн,,,,,
140,148,Зындрам из Машковиц,,,,,
141,149,Свидригайло,,,,,
142,150,Сигизмунд Кейстутович,,,,,
143,151,Герасим (митрополит Киевский),,,,,
144,152,Якуб из Кобылян,,,,,
145,154,Чарторыйский Александр,,,,,Иван?
146,155,Скобейко (киевлянин),,,,,убийца Сигизмунда Кейстутовича
147,156,Довгерд,,,,,Воевода виленский
148,157,Люлеш,,,,,Воевода трокский
149,158,Владислав III Варненчик,,,,,
150,159,Михаил Сигизмундович,,,,,Последний из рода Кейстутовичей
151,160,Иван III (Васильевич),,,,,
152,161,Хаджи Гирей,,,,,
153,162,Радзивилл Остик (Остикович),,,,,
154,163,Александр Казимирович (Ягеллончик),,,,,
155,164,Жильбер де Ланнуа,,,,,
156,165,Цамблак Григорий,,,,,
157,166,Ульрих фон Рихенталь,,,,,
158,167,Пинтуриккьо,,,,,
159,168,Понтий Пилат,,,,,
160,169,Кравцевич Александр Константинович,,,,,
161,170,Ипатова О.М.,,,,,
162,171,Сигизмунд I Старый (Ягеллон),,,,,
163,172,Сигизмунд II Август (Ягеллон),,,,,
164,377,Немцевич Юлиан Урсин,,,,,
165,378,Долгоруков Николай Андреевич,,,,,
166,379,Магнус Эдуард,,,,,
167,380,Романов Александр Николаевич (Александр II),,,,,
168,381,Назимов Владимир Иванович,,,,,
169,382,Кустодиев Борис Михайлович,,,,,
170,383,Калиновский Кастусь (Константин Викентий Семенович Калиновский),,,,, «Яська-гаспадар з-пад Вільні»
171,384,Рожанский Феликс,,,,,
172,385,Врублевский Валерий,,,,,
173,386,Траугутт Ромуальд,,,,,
174,387,Муравьев Михаил Николаевич,,,,,
175,388,Альхимович Казимир,,,,,
176,389,Минейко Зигмунт,,,,,
177,390,Черский Иван,,,,,
178,391,Коялович Михаил Осипович,,,,,
179,392,Шерешевский Иосель,,,,,
180,393,Шагал Марк Захарович,,,,,
181,394,Пэн Юдель Моисеевич,,,,,
182,395,Гуттен-Чапский Кароль,,,,,
183,396,"Лекерт Адам, Николай и Франц Францевичи",,,,,
184,397,Толстой Лев Николаевич,,,,,
185,398,Некрасов Николай Алексеевич,,,,,
186,399,Стульгинский Антон Игнатьевич,,,,,
187,400,Судзиловский Николай,,,,,
188,401,Гриневицкий Игнатий,,,,,
189,402,Романов Александр Александрович (Александр III),,,,,
190,403,Марченко Александр,,,,,Гомон
191,404,Ратнер Хаим,,,,,
192,405,Маркс Карл,,,,,
193,406,Энгельс Фридрих,,,,,
194,407,Моносзон Монас Исаакович,,,,,
195,408,Луцкевич Иван Иванович,,,,,
196,409,Луцкевич Антон Иванович,,,,,
197,410,Пашкевич Алоиза (Тётка),,,,,
198,411,Ластовский Вацлав Устинович,,,,,
199,412,Богданович Максим Адамович,,,,,
200,413,Романов Николай Александрович (Николай ІІ),,,,,
201,414,Святополк-Мирский Петр Дмитриевич,,,,,
202,415,Витковский Григорий Антонович,,,,,
203,416,Курлов Павел Григорьевич,,,,,
204,417,Пулихов Иван,,,,,попытка убийства Курлова
205,418,Скирмунт Роман,,,,,
206,419,Сапунов Алексей Парфенович,,,,,
207,420,Столыпин Петр Аркадьевич,,,,,
208,421,Репин Илья Ефимович,,,,,
209,422,Богушевич Франциск-Бенедикт Казимирович ( п. Мацей Бурачок),,,,,Матей Бурачок и Сымон Ревка из-под Борисова
210,423,Станкевич Адам,,,,,Ксендз
211,424,Рачинский Сергей Александрович,,,,,Школа
212,425,Богданов-Бельский Николай Петрович,,,,,
213,426,Носович Иван Иванович,,,,,
214,427,Романов Евдоким Романович,,,,,
215,428,Карский Евфимий Федорович,,,,,
216,173,Генрих Валуа (Генрих III Валуа),,,,,
217,174,Баторий Стефан,,,,,
218,175,Сигизмунд III Ваза,,,,,
219,176,Владислав IV Ваза,,,,,
220,177,Ян II Казимир Ваза,,,,,
221,178,Вишневецкий Михаил Корибут,,,,,
222,179,Ян III Собеский,,,,,
223,180,Август II Сильный Веттин,,,,,
224,181,Лещинский Станислав,,,,,
225,182,Август III Ваза,,,,,
226,183,Понятовский Станислав Август,,,,,
227,184,Гаштольд Альбрехт,,,,,
228,185,Глинский Михаил,,,,,
229,186,Василий III,,,,,
230,187,Острожский Константин Иванович,,,,,
231,188,Ходкевич Александр,,,,,
232,189,Королевич Казимир Святой,,,,,
233,190,Иосиф I Болгаринович,,,,,
234,191,Скорина Франциск,,,,,
235,192,Гусовский Николай,,,,,
236,193,Ян Вислицкий,,,,,
237,194,Ильинич Юрий Иванович,,,,,
238,195,Дмитрий Солунский,,,,,
239,196,Иван IV Грозный,,,,,
240,198,Довойно Станислав,,,,,
241,199,Радзивилл Николай Рыжий,,,,,
242,201,Радзивилл Барбара,,,,,
243,202,Дударев Алексей,,,,,
244,203,Лукас Кранах Младший,,,,,
245,204,Ходкевич Ян Кароль,,,,,
246,205,Волович Остафий,,,,,
247,206,Сапега Лев,,,,,
248,207,Радзивилл Криштоф Перун,,,,,
249,208,Завиша Криштоф,,,,,
250,209,Царевич Дмитрий,,,,,
251,210,Лжедмитрий І,,,,,
252,211,Романов Михаил Фёдорович,,,,,
253,212,Петрей Петр,,,,,
254,213,Бона Сфорца,,,,,
255,214,Маковский Томаш,,,,,
256,215,Стахор Миткович,,,,,
257,216,Радзивилл Николай Черный,,,,,
258,217,Якуб из Калиновки,,,,,
259,218,Павел из Визны,,,,,
260,219,Волан Андрей,,,,,
261,220,Крышковский Лаврентий,,,,,
262,221,Тяпинский Василий,,,,,
263,222,Будный Сымон,,,,,
264,223,Жан Кальвин,,,,,
265,224,Скарга Петр,,,,,
266,225,Радзивилл Юрий Геркулес,,,,,
267,226,Ипатий Потей,,,,,
268,227,Терлецкий Кирилл,,,,,
269,228,Папа Григорий XIII,,,,,
270,229,Иосафат Кунцевич (Кунцевич Ян Гавриловмч),,,,,
271,230,Смотрицкий Мелетий,,,,,
272,231,Федоров Иван,,,,,
273,232,Мстиславец Петр,,,,,
274,233,Мамоничи Кузьма и Лука,,,,,
275,234,Соболь Спиридон,,,,,
276,235,Евлашевский Федор,,,,,
277,236,Цедровский Ян,,,,,
278,237,Рымша Андрей,,,,,
279,238,Радван Ян,,,,,
280,239,Македонский Александр,,,,,
281,240,Радзивилл Николай Криштоф Сиротка,,,,,
282,241,Александр Гваньини,,,,,
283,242,Бернардони Ян Мария,,,,,
284,243,Петр Евсеевич из Голынца,,,,,
285,244,Веселовский Криштоф,,,,,
286,245,Соломон Рысинский,,,,,
287,246,Богдан Хмельницкий,,,,,
288,247,Радзивилл Януш,,,,,
289,248,Левантович,,,,,Пленный казак времен казацко-крестьянской войны
290,249,??? Антон Мошинский,,,,,Ошибка в тексте?
291,250,Радзивилл Альбрехт Станислав,,,,,
292,251,Степан Подбайло,,,,,
293,252,Кричевский Михаил,,,,,
294,253,Романов Алексей Михайлович,,,,,
295,254,Долгоруков Петр,,,,,воевода витебский
296,255,Пушечников Василий,,,,,
297,256,Шульц Даниэль,,,,,
298,257,Толстой Петр Андреевич,,,,,
299,258,Норблин Ян Пётр,,,,,
300,259,Вишневецкий Михаил Серваций,,,,,Ошибка в написании с.135 (на польский манер)
301,260,Никола де Ларжильер,,,,,
302,261,Карл XII,,,,,
303,262,Маньоки Адам,,,,,
304,263,Романов Петр Алексеевич Великий,,,,,
305,264,Мазепа Иван Степанович,,,,,
306,265,Левенгаупт Адам,,,,,
307,266,Мартен Пьер-Дени младший,,,,,
308,267,Потей Людвиг,,,,,
309,268,Луи де Сильвестр,,,,,
310,269,Чарторыйский Михаил Фредерик,,,,,
311,270,Леон Ильинич,,,,,
312,271,Шпилевский,,,,,подстароста
313,272,Волович Станислав,,,,,
314,273,Завистовские братья,,,,,
315,274,Мальдис Адам Иосифович,,,,,
316,275,Радзивилл Анна Екатерина,,,,,
317,276,Ващило Василий,,,,,
318,277,Радзивилл Иероним Флориан,,,,,
319,278,Коялович Альберт,,,,,
320,279,Семенович Казимир,,,,,
321,280,Наронович-Нарочанский Юзеф,,,,,
322,281,Копиевич Илья Федорович,,,,,
323,282,Лыщинский Казимир,,,,,
324,283,Старовольский Шимон,,,,,
325,284,Полоцкий Симеон,,,,,
326,285,Глаубиц Ян Криштоф,,,,,
327,286,Святой Иоаким,,,,,
328,287,Радзивилл Франтишка Уршуля,,,,,
329,288,Огинский Михаил Казимир,,,,,
330,289,Тизенгауз Антоний,,,,,
331,290,Рустем Ян,,,,,
332,291,Баччарелли Марчелло,,,,,
333,292,Екатерина II Алексеевна Великая,,,,,
334,293,Радзивилл Кароль Станислав,,,,,
335,294,Рейтан Тадеуш,,,,,
336,295,Корсак Самуэль,,,,,
337,296,Богушевич Станислав,,,,,
338,297,Дамель Ян,,,,,
339,298,Костюшко Тадеуш,,,,,
340,299,Ясинский Якуб,,,,,
341,300,Суворов Александр Васильевич,,,,,
342,301,Вавжецкий Томаш,,,,,
343,302,Емельянчик Владимир Петрович,,,,,
344,303,Юхо Иосиф Александрович,,,,,
345,304,Мозес Жан-Батист,,,,,
346,305,Конарский Станислав,,,,,
347,306,Жилибер Жан Эммануэль,,,,,
348,307,Почобут-Одляницкий Мартин,,,,,
349,308,Олешкевич Юзеф,,,,,
350,309,Орда Наполеон,,,,,
351,310,Смуглевич Франтишек,,,,,
352,311,Радзивилл Матей,,,,,
353,312,Голланд Ян,,,,,
354,313,Голенченко Георгий Яковлевич,,,,,
355,314,Прокошина Екатерина Сергеевна,,,,,
356,315,Колас Якуб (Мицкевич Константин Михайлович),,,,,
357,316,Купала Янка (Луцевич Иван Доминикович),,,,,
358,317,Романов Павел Петрович (Павел I),,,,,
359,318,Зорич Семен Гаврилович,,,,,
360,319,Наполеон Бонапарт (Наполеон I),,,,,
361,320,Романов Александр Павлович (Александр I),,,,,
362,321,Огинский Михаил Клеофас,,,,,
363,322,Друцкий-Любецкий Франциск-Ксаверий,,,,,
364,323,Плятер Михаил Казимирович,,,,,Ошибка в тексте с инициалами
365,324,Радзивилл Доминик Иероним,,,,,
366,325,Кульнев Яков Петрович,,,,,
367,326,Багратион Петр Иванович,,,,,
368,327,Давыдов Денис Васильевич,,,,,
369,328,Барклай-де-Толли Михаил Богданович,,,,,
370,329,Кутузов Михаил Илларионович,,,,,
371,330,Фабр Франсуа Ксавье,,,,,
372,331,Доу Джордж,,,,,
373,332,Нарбут Теодор,,,,,
374,333,Романов Николай Павлович (Николай I),,,,,
375,334,Шильдер Карл,,,,,
376,335,Жюль Верн,,,,,
377,336,Мицкевич Адам,,,,,
378,337,Мар Сусанна Георгиевна,,,,,Переводчик
379,338,Пикуль Валентин Савич,,,,,
380,339,Чечот Ян,,,,,
381,340,Муравьев Никита Михайлович,,,,,
382,341,Муравьёв-Апостол Сергей Иванович,,,,,
383,342,Рукевич Михаил Иванович,,,,,
384,343,Бестужев Николай Александрович,,,,,
385,344,Плятер Эмилия,,,,,
386,345,Савич Франц,,,,,
387,346,Сырокомля Владислав,,,,,
388,347,Домейко Игнатий,,,,,
389,348,Шемеш Адам,,,,,
390,349,Русецкий Канут,,,,,
391,350,Дунин-Марцинкевич Викентий Иванович,,,,,
392,351,Киселев Павел Дмитриевич,,,,,
393,352,Киркор Адам,,,,,
394,353,Пусловский Войцех,,,,,
395,354,Скирмунт Александр,,,,,
396,355,Ванькович Валентий-Вильгельм,,,,,
397,356,Смит Адам,,,,,механик Румянцева
398,357,Румянцев Николай Петрович,,,,,
399,358,Стащенюк Виктор,,,,,
400,359,Белл Андрю,,,,,
401,360,Ланкастер Джозеф,,,,,
402,361,Шпилевский Павел Михайлович,,,,,
403,362,Тышкевич Константин,,,,,
404,363,Тышкевич Евстафий,,,,,
405,364,???Художник Ф. Г. Реберг. XIX в.,,,,,
406,365,Регульский Александр Тадеуш,,,,,
407,366,Струве Василий Яковлевич,,,,,
408,367,Пушкин Александр Сергеевич,,,,,
409,368,Барщевский Ян,,,,,
410,369,Кучмель Наталья Борисовна,,,,,
411,370,??? Жуковский К.,,,,,Художник портрет Барщевского
412,371,Монюшко Станислав,,,,,
413,372,Верещака Марыля,,,,,
414,373,Румянцев-Задунайский Пётр Александрович,,,,,
415,374,Паскевич Иван Федорович,,,,,
416,375,Миркович Федор Яковлевич,,,,,
417,376,Минаев Дмитрий Дмитриевич,,,,,переводчик
418,429,Довнар-Запольский Митрофан Викторович,,,,,
419,430,Наркевич-Иодко Яков Оттонович,,,,,
420,431,Кашеварова-Руднева Варвара Александровна,,,,,
421,432,Тумаркина Анна Павловна,,,,,
422,433,Лучина Янка (Неслуховский Иван Люцианович),,,,,
423,434,Каменская Мария Дмитриевна,,,,,Жена Коласа
424,435,Мицкевич Даниил Константинович,,,,,сын Якуба Коласа
425,436,Волков Валентин Викторович,,,,,
426,437,Буйницкий Игнат Терентьевич,,,,,
427,438,Каганец Карусь (Костровицкий Казимир-Рафаил Карлович),,,,,
428,439,Шопен Фридерик,,,,,
429,440,Силиванович Никодим Юрьевич,,,,,
430,441,Бакст Леон (Розенберг Лев Самойлович),,,,,
431,442,Войнилович Эдвард Антоний Леонард,,,,,
432,443,Войнилович Симон Эдвардович,,,,,
433,444,Войнилович Елена Эдвардовна,,,,,
434,445,Бржозовский Николай Александрович,,,,,
435,446,Лечицкий Платон Алексеевич,,,,,
436,447,"Козятников Петр Иванович
Иванович",,,,,
437,448,Фрунзе Михаил Васильевич,,,,,
438,449,Веремейчик Сергей Иванович,,,,,
439,450,Якимович Алесь Иванович,,,,,
440,451,Ленин Владимир Ильич (Ульянов),,,,,
441,452,Воронов Натан Моисеевич,,,,,Художник
442,453,Серов Владимир Александрович,,,,,Художник
443,454,Мясников Александр Федорович (Мясникян),,,,,
444,455,Пикассо Пабло,,,,,
445,456,Дали Сальвадор,,,,,
446,457,Сталин Иосиф Виссарионович (Джугашвилли),,,,,
447,458,Вильгельм II (Прусский Фридрих Вильгельм Виктор Альберт),,,,,
448,459,Смолич Аркадий Антонович,,,,,
449,460,Лесик Иосиф (Язеп) Юрьевич,,,,,
450,461,Гриб Томаш Томашевич,,,,,
451,462,Червяков Александр Григорьевич,,,,,
452,463,Жилунович Дмитрий Фёдорович (Тишка Гартный),,,,,
453,464,Свердлов Яков Михайлович,,,,,
454,465,Пилсудский Юзеф Клеменс,,,,,
455,466,Игнатовский Всеволод Макарович,,,,,
456,467,Талаш Василий Исаакович,,,,,
457,468,Тухачевский Михаил Николаевич,,,,,
458,469,Керзон Джордж Натаниэл,,,,,
459,470,Прищепов Дмитрий Филимонович,,,,,
460,471,Стаханов Алексей Григорьевич,,,,,
461,472,Скобля Григорий,,,,,белорусский стахановец?
462,473,Адамович Иосиф Александрович,,,,,
463,474,Семенович Антон,,,,,свидетель раскулачивания
464,475,Гикало Николай Федорович,,,,,
465,476,Гапоненок Ирина Александровна,,,,,
466,477,Гапоненок Александр Францевич,,,,,
467,478,Пичета Владимир Иванович,,,,,
468,479,Кулешов Аркадий Александрович,,,,,
469,480,Лученок Игорь Михайлович,,,,,
470,481,Чарот Михась (Михаил Семёнович Кудзелька),,,,,
471,482,Мирович Евстигней Афиногенович,,,,,
472,483,Тарич Юрий Викторович,,,,,
473,484,Лангбард Иосиф Григорьевич,,,,,
474,485,Чижевский Александр Леонидович,,,,,
475,486,Шмидт Отто Юльевич,,,,,
476,487,Цвирко Виталий Константинович,,,,,
477,488,Тарашкевич Бронислав Адамович,,,,,
478,489,Бек Юзеф,,,,,министр иностранных дел Польши в 1932—1939 годах
479,490,Танк Максим (Скурко Евгений Иванович ),,,,,
480,491,Дроздович Язеп Нарцизович,,,,,
481,492,Цвикевич Александр Иванович,,,,,
482,493,Выготский Лев Семенович,,,,,
483,494,Крапива Кондрат ( Атрахович Кондрат Кондратович),,,,,
484,495,Сергиевич Петр Александрович,,,,,
485,496,Молотов Вячеслав Михайлович,,,,,
486,497,Риббентроп Иоахим фон,,,,,
487,498,Пономаренко Пантелеймон Кондратьевич,,,,,
488,499,Кижеватов Андрей Митрофанович,,,,,
489,500,Клыпа Петр Сергеевич,,,,,
490,501,Зубачёв Иван Николаевич,,,,,
491,502,Фомин Ефим Моисеевич,,,,,
492,503,Гаврилов Пётр Михайлович,,,,,
493,504,Гастелло Николай Францевич,,,,,
494,505,Маслов Александр Спиридонович,,,,,
495,506,Руссиянов Иван Никитич,,,,,
496,507,Кутепов Семён Фёдорович,,,,,
497,508,Флёров Иван Андреевич,,,,,
498,509,Симонов Константин Михайлович,,,,,
499,510,Каминский Иосиф Иосифович,,,,,
500,511,Сусанина Катя,,,,,
501,512,Шмырёв Минай Филиппович (Батька Минай),,,,,
502,513,Шершнёва Римма Ивановна,,,,,
503,514,Матросов Александр Матвеевич,,,,,
504,515,Казей Марат Иванович,,,,,
505,516,Казей Ариадна Ивановна,,,,,
506,517,Мамкин Александр Петрович,,,,,
507,518,Заслонов Константин Сергеевич,,,,,
508,519,Клумов Евгений Владимирович,,,,,
509,520,Навроцкий Иоанн,,,,,
510,521,Ромм Михаил Ильич,,,,,
511,522,Свентек Казимир Янович,,,,,
512,523,Антонов Игнатий Петрович,,,,,
513,524,Куприянов Пётр Иванович,,,,,
514,525,Куприянова Анастасия Фоминична,,,,,
515,526,Марченко Иосиф,,,,,
516,527,Усов Андрей Михайлович,,,,,
517,528,Колобанов Зиновий Григорьевич,,,,,
518,529,Дольников Григорий Устинович,,,,,
519,530,Сергий Радонежский,,,,,
520,531,Киселёв Кузьма Венедиктович,,,,,
521,532,Туснолобова-Марченко Зинаида Михайловна,,,,,
522,533,Волков Валентин Викторович,,,,,
523,534,Замах Леонид Петрович,,,,,
524,535,Тарас Ефим Николаевич,,,,,
525,536,Гутиев Николай Тимофеевич,,,,,
526,537,Гусев Михаил Иванович,,,,,
527,538,Маркевич Матрена Сергеевна,,,,,
528,539,Климкович Михась Николаевич,,,,,
529,540,Соколовский Нестор Фёдорович,,,,,
530,541,Хрущев Никита Сергеевич,,,,,
531,542,Мазуров Кирилл Трофимович,,,,,
532,543,Громыко Андрей Андреевич,,,,,
533,544,Орловский Кирилл Прокофьевич,,,,,
534,545,Машеров Петр Миронович,,,,,
535,546,Горбачев Михаил Сергеевич,,,,,
536,547,Чепик Николай Петрович,,,,,
537,548,Андреев Анатолий Евгеньевич,,,,,
538,549,Скоропанов Степан Гордеевич,,,,,
539,550,Куницкая Надежда Ивановна,,,,,
540,551,Мороз Михаил Михайлович,,,,,
541,552,Игнатенко Василий Иванович,,,,,
542,553,Игнатенко Людмила,,,,,
543,554,Савицкий Михаил Андреевич,,,,,
544,555,Дмитриев Михаил Афанасьевич,,,,,
545,556,Куприевич Василий Феофилович,,,,,
546,557,Зельдович Яков Борисович,,,,,
547,558,Сухой Павел Осипович,,,,,
548,559,Климук Петр Ильич,,,,,
549,560,Ковалёнок Владимир Васильевич,,,,,
550,561,Гермашевский Мирослав,,,,,
551,562,Быков Василий Владимирович,,,,,
552,563,Адамович Александр Михайлович (Алесь),,,,,
553,564,Брыль Иван Антонович (Янка),,,,,
554,565,Колесник Владимир Андреевич,,,,,
555,566,Короткевич Владимир Семёнович,,,,,
556,567,Мележ Иван Павлович,,,,,
557,568,Шамякин Иван Петрович,,,,,
558,569,Станюта Стефания Михайловна,,,,,
559,570,Туров Виктор Тимофеевич,,,,,
560,571,Высоцкий Владимир Семёнович,,,,,
561,572,Пташук Михаил Николаевич,,,,,
562,573,Мулявин Владимир Георгиевич,,,,,
563,574,Сидоренко Георгий Иванович,,,,,
564,575,Чайковский Пётр Ильич,,,,,
565,576,Медведь Александр Васильевич,,,,,
566,577,Корбут Ольга Валентиновна,,,,,
567,578,Кастро Фидель,,,,,
568,579,Ельцин Борис Николаевич,,,,,
569,580,Кучма Леонид Данилович,,,,,
570,581,Шушкевич Станислав Станиславович,,,,,
571,582,Лукашенко Александр Григорьевич,,,,,
572,583,Карват Владимир Николаевич,,,,,
573,584,Каризно Владимир Иванович,,,,,
574,585,Филарет Митрополит (Вахромеев Кирилл Варфоломеевич),,,,,
575,586,Павел Митрополит (Пономарёв Георгий Васильевич),,,,,
576,587,Мариев Павел Лукьянович,,,,,
577,588,Высоцкий Михаил Степанович,,,,,
578,589,Прокопович Петр Петрович,,,,,
579,590,Карчмит Михаил Афанасьевич,,,,,
580,591,Дубко Александр Иосифович,,,,,
581,592,Ревяко Василий Афанасьевич,,,,,
582,593,Кремко Виталий Ильич,,,,,
583,594,Алфёров Жорес Иванович,,,,,
584,595,Новицкий Олег Викторович,,,,,
585,596,Дайнеко Леонид Мартинович,,,,,
586,597,Мартинович Алесь (Александр Андреевич),,,,,
587,598,Рублевская Людмила Ивановна,,,,,
588,599,Алексиевич Светлана Александровна,,,,,
589,600,Кищенко Александр Михайлович,,,,,
590,601,Дударев Алексей Ануфриевич,,,,,
591,602,Прантиш Вырвич,,,,,
592,603,Черчиль Уинстон,,,,,
593,604,Ходотович Екатерина Анатольевна (Карстен),,,,,
594,605,Щербо Виталий Венедиктович,,,,,
595,606,Домрачева Дарья Владимировна,,,,,
596,607,Ващенко Гавриил Харитонович,,,,,
597,608,Антонович С.В.,,,,,
598,609,Малофеев Анатолий Александрович,,,,,
599,610,Иоффе Эмануил Григорьевич,,,,,
600,611,Бочаров Геннадий Николаевич,,,,,
601,612,Бергман Александра Григорьевна (Хава Гиршевна Кучковская),,,,,
602,613,Игнатенко Илларион Мефодьевич,,,,,
603,614,Ягодинский Виктор Николаевич,,,,,
604,615,Зайковский Эдвард Михайлович,,,,,
605,616,Слаук Валерий Петрович,,,,,
606,617,Шипица Антон,,,,,
607,618,Дарий I Великий,,,,,
608,619,Браун Фёдор Александрович,,,,,
609,620,Шафарик Павел Йозеф,,,,,
610,621,Рыбаков Борис Александрович,,,,,
611,622,Сучич Иван,,,,,Крестьянский сын
612,623,Погодин Александр Львович,,,,,российский историк))))
613,624,Рассадин Сергей Евгеньевич,,,,,
614,625,Аристотель,,,,,
615,626,Богодяж Николай Константинович,,,,,
616,627,Масленицына Ирина Александровна,,,,,
617,628,Нессельман Георг Генрих Фердинанд,,,,,
618,629,Тацит,,,,,
619,630,Птоломей Клавдий,,,,,
620,631,Кесарийский Прокопий,,,,,
621,632,Криве,,,,,
622,633,Криве-Кривейте,,,,,
623,634,Маврикий Флавий Тиберий Август,,,,,
624,635,Игорь,,,,,Рюрик
625,636,Святополк Мстиславович,,,,,
626,637,Изяслав Мстиславович,,,,,
627,638,Болеслав I Храбрый,,,,,
628,639,Рейберн,,,,,
629,640,Галицкий Даниил,,,,,
630,641,Иннокентий IV (Синибальдо Фиески),,,,,
631,642,Генрих (епископ холмский в Пруссии),,,,,!!!!!
632,643,Изяслав Полоцкий-Витебский,,,,,!!!!
633,644,Лев Данилович (князь Галицкий),,,,,
634,645,Ермолович Николай Иванович,,,,,
635,646,Скудра,,,,,!!!!!
636,647,Носевич Вячеслав Леонидович,,,,,
637,648,Ловмяньский Хенрык,,,,,
638,649,Пашуто Владимир Терентьевич,,,,,
639,650,Гудавичюс Эдвардас,,,,,
640,651,Петр из Дусбурга,,,,,
641,652,Яков (Иаков) епископ Полоцкий,,,,,
642,653,Василий князь Минский,,,,,Последний князь?????
643,654,Семен (Феодосий) князь Свислочский,,,,,????
644,655,Дмитрий Ольгердович,,,,,
645,656,Святослав Иванович князь Смоленский,,,,,
646,657,Анна Гедимин (Альдона),,,,,Жена Казимира III. Дочь Гедимина.
647,658,Казимир III,,,,,
648,659,Дмитрий Брянский (Ольгердович),,,,,
649,660,Глеб Смоленский (Святославович),,,,,
650,661,Борис Суздальский,,,,,"Борис Константинович – последний великий князь суздальско- нижегородский, посол Ягайло в Польшу"
651,662,Ганко (Ганул),,,,,"Виленский староста, посол Ягайло в Польшу"
652,663,Ульяна Александровна,,,,,"Иулиания Александровна (Ульяна, Юлиания, ок. 1330-17 марта 1391) - дочь великого князя тверского Александра Михайловича, вторая жена языческого великого князя литовского Ольгерда; мать великого князя литовского и короля польского Ягайло - основателя династии Ягеллонов, и великого князя литовского Свидригайло"
653,664,Василий II Тёмный,,,,,
654,665,Софья Витовтовна,,,,,
655,666,Василий I Дмитриевич,,,,,"Великий князь московский и владимирский с 1389 года, старший сын Дмитрия Ивановича Донского и великой княгини Евдокии, дочери великого князя нижегородско-суздальского Дмитрия Константиновича. Был женат на Софье — единственной дочери великого князя литовского Витовта."
656,667,Юрий Пинский Нос,,,,,
657,668,Семен Гольшанский Лютый,,,,,
658,669,Анна Смоленская (жена Витовта),,,,,"Вероятно, вторая жена великого князя Витовта. Мать Софьи Витовтовны, единственной дочери Витовта и жены великого князя московского и владимирского Василия I Дмитриевича. Происхождение спорно."
659,670,Мария Лукомская (жена Витовта),,,,,"дочь одного из последних Рюриковечей на Лукомском столе, относилась к ветке Рагнеды, княжны Полоцкой?"
660,671,Улиана Гольшанская (жена Витовта),,,,,
661,672,Гольшанская Софья,,,,,четвёртая и последняя жена короля польского Ягайло.
662,673,Гольшанский Андрей Иванович,,,,,"Князь вязынский, отец Софьи, жены Ягайло"
663,674,Гольшанский Иван Ольгимундович,,,,,
664,675,Андрей князь Лукомский и Стародубский,,,,,Рюрик ???
665,676,Альбрехт II,,,,,коронация Сигизмунда Кейстутовича (неудавшаяся)
666,677,Радзивилл Ян,,,,,коронация Сигизмунда Кейстутовича (неудавшаяся)
667,678,Маурин Антуан,,,,,
668,679,Гаштольд Станислав,,,,,Муж Барбары Радзивилл
669,680,Генрих II Валуа,,,,,
670,681,Бонневилл Ф.,,,,,
671,682,Медичи Екатерина,,,,,
672,683,Лотарингская Луиза,,,,,
673,684,Кобер Мартин,,,,,
674,685,Иштван IV Батори,,,,,
675,686,Телегди Каталина,,,,,
676,687,Анна Ягеллонка,,,,,
677,688,Габсбург Фердинанд,,,,,
678,689,Рубенс Питер,,,,,
679,690,Юхан III Ваза,,,,,
680,691,Екатерина Ягеллонка,,,,,
681,692,Анна Австрийская,,,,,
682,693,Констанция Австрийская,,,,,
683,694,Максимилиан III,,,,,
684,695,Лжедмитрий II,,,,,
685,696,Фридрих Август (Фридрих Август I),,,,,
686,697,Людовик XV,,,,,
687,698,Жан Батист ван Лоо,,,,,
688,699,Браницкий Ян Клеменс,,,,,
689,700,Фридрих Кристиан,,,,,
690,701,Понятовский Станислав Август,,,,,
691,702,Замойский Анджей,,,,,
692,703,Лишевская Анна,,,,,
693,704,Белинский Станислав,,,,,
694,705,Грасси Иосиф,,,,,
695,706,Плерш Ян Богумил,,,,,
696,707,Салтан,,,,,
697,708,Салтан Малый,,,,,
698,709,Ключевский Василий Осипович,,,,,
699,710,Фроянов И.Я.,,,,,
700,711,Горемыкина В.И.,,,,,
701,712,Ольга,,,,,
702,713,Лебедев К.В.,,,,,
703,714,Адельгаузер Ганс,,,,,
704,715,Цюндт М.,,,,,
705,716,Друцкий-Соколинский Георгий,,,,,
706,717,Стратовский Матвей,,,,,
707,718,Радзивилл Михаил Казимир (Рыбонька),,,,,
708,719,Валович Ярош,,,,,
709,720,Харькович Иван,,,,,
710,721,Милкович Никита,,,,,
711,722,Талбишев Максим,,,,,
712,723,Иванович Гаврила,,,,,
713,724,Чеботарь Михаил,,,,,
714,725,Михайлович Лавр,,,,,
715,726,Счастный Исай,,,,,
716,727,Собеская Мария Казимира,,,,,
717,728,Бжостовский М.,,,,,
718,729,Бутримович Матей,,,,,
719,730,Кокс В.,,,,,
720,731,Киприан,,,,,Метрополит
721,732,Цамблак Григорий,,,,,метрополит
722,733,Болгаринович Иосиф,,,,,
723,734,Торвальд Путешественник,,,,,
724,735,Греков Б.Д.,,,,,
725,736,Раппопорт П.А.,,,,,
726,737,Васильев М.В.,,,,,
727,738,Тарасов С.В.,,,,,
728,739,Георгий Победоносец (Юрий),,,,,Юрьев День
729,740,Лысенко П.Ф.,,,,,Археолог
730,741,Иоанн XIII Глика,,,,,
731,742,Феофил,,,,,Митрополит
732,743,Урбан IV,,,,,
733,744,Пётр из Гонёндза,,,,,
734,745,Олелькович Юрий,,,,,
735,746,Кишка Ян,,,,,
736,747,Глебович Ян,,,,,
737,748,Зенович Юрий,,,,,
738,749,Арий,,,,,
739,750,Чаховиц Мартин,,,,,
740,752,??? Решка (и) С.,,,,,
741,753,Протасевич Валериан,,,,,
742,754,Рогоза Михаил,,,,,
743,755,Папа Климент VIII,,,,,
744,756,Зимлер Йозеф,,,,,
745,757,Торрес,,,,,
746,758,??? Алекса,,,,,зодчий
747,759,??? Аграфен,,,,,архимандрид
748,760,Смолянин Игнатий,,,,,
749,761,Ализаровский Александр,,,,,
750,762,Щука Станислав Антоний,,,,,
751,763,Филипович Афанасий (Брестский),,,,,
752,764,Римша Андрей,,,,,
753,765,Пельгримовский Гальяш,,,,,
754,766,Жировит,,,,,
755,767,Давид,,,,,Надпись
756,768,Тоума,,,,,Надпись
757,769,Микоула,,,,,Надпись
758,770,Петъръ,,,,,Надпись
759,771,Воришъ,,,,,Надпись
760,772,Изяслав Ярославич,,,,,из Ярославичей
761,773,Глеб (Давид Владимирович),,,,,Брат Бориса
762,774,Борис (Роман Владимирович),,,,,брат Глеба
763,775,Смоленский Авраамий,,,,,
764,776,??? Гловна Э.,,,,,художник
765,777,Забаровский Мартин,,,,,
766,778,Войцеховский Ярослав,,,,,
767,779,Шулаев Андрей,,,,,
768,780,Павлович Эдуард,,,,,
769,781,Палемон,,,,,Мифическая фигура!!!!
770,782,Гаштольд Петр,,,,,
771,783,Голубев Игорь,,,,,
772,784,Виюк-Коялович Альберт,,,,,
773,785,Пильштынова-Русецкая Соломея,,,,,
774,786,Уршуля Франтишка,,,,,
775,787,Штробель Бартоломей,,,,,
776,788,Питер Ван Блумен,,,,,
777,789,Кадацци Николло,,,,,
778,790,Радзивилл Юрий Кардинал,,,,,
779,791,Хрептович Иоахим,,,,,
780,792,Нарушевич Адам,,,,,
781,793,Пошаковский Ян,,,,,
782,794,Папроцкий Франтишек,,,,,
783,795,Руссо Жан Жак,,,,,
784,796,Карпович Михаил,,,,,
785,797,Конисский Георгий,,,,,
786,798,Каперник Николай,,,,,
787,799,Галилей Галилео,,,,,
788,800,Маймон Соломон,,,,,
789,801,Кант Иммануил,,,,,
790,802,Нарбут Казимир,,,,,
791,803,Добшевич Бенедикт,,,,,
792,804,Масальский Игнатий,,,,,
793,805,Бодо Н.,,,,,Николя
794,806,Дидро Дени,,,,,Дэни
795,807,Догель Матей,,,,,
796,808,Гусаржевсий Томаш,,,,,
797,809,Вырвич Кароль,,,,,
798,810,Потоцкий И.,,,,,Игнатий Евстафиевич
799,811,Снядецкий Ян,,,,,
800,812,Зан Томаш,,,,,
801,813,Бестужев-Рюмин Михаил Павлович,,,,,
802,814,Игельстром Константин Густавович,,,,,
803,815,Вегелин Александр Иванович,,,,,
804,816,Лелевель Иоахим,,,,,
805,817,Чарторыйский Адам,,,,,
806,818,Ковалик Сергей Филиппович,,,,,
807,819,Бонч-Осмаловский Анатолий Федорович,,,,,
808,820,Брешко-Брешковская Екатерина Константиновна,,,,,
809,821,Гельфман Геся Мировна,,,,,
810,822,Гурвич Исаак Аронович,,,,,
811,823,Дзержинский Феликс Эдмундович,,,,,
812,824,Ивановский Вацлав Леонардович,,,,,
813,825,Бурбис Александр Лавренович,,,,,
814,826,Кнорин Вильгельм Георгиевич,,,,,
815,827,Ландер Карл Иванович,,,,,
816,828,Рогозинский Николай Владимирович,,,,,
817,829,Воронко Иосиф Яковлевич,,,,,
818,830,Дуж-Душевский Клавдий Степанович,,,,,
819,831,Мицкявичюс-Капсукас Винцас Симанович,,,,,
820,832,Дудник Степан Ильич,,,,,
821,833,Гусаров Николай Иванович,,,,,"Ошибка в имени (инициалы, 11 класс с. 35)"
822,834,Патоличев Николай Семёнович,,,,,
823,835,Аксенов Александр Никифорович,,,,,
824,836,Райс Ромуальд,,,,,
825,837,Брежнев Леонид Ильич,,,,,
826,838,Слюньков Николай Никитович,,,,,
827,839,Кебич Вячеслав Францевич,,,,,
828,840,Любанский Евгений,,,,,
829,841,Любанский Александр,,,,,
830,842,Чигринов Иван Гаврилович,,,,,
831,843,Завадовский Петр Васильевич,,,,,
832,844,Потемкин Григорий Александрович,,,,,
833,845,Тормасов Александр Петрович,,,,,
834,846,Альбрехт Адам,,,,,
835,847,Фабер дю Фор Христиан Вильгельм,,,,,
836,848,Даву Луи Никола,,,,,
837,849,Шиманюк Герман,,,,,
838,850,Ваупшасов Станислав Алексеевич,,,,,
839,851,Хоружая Вера Захаровна,,,,,
840,852,Притыцкий Сергей Осипович,,,,,
841,853,Манцевич Флор Донатович,,,,,
842,854,Усов Виктор Михайлович,,,,,
843,855,Кириченко Феодосий Петрович,,,,,
844,856,Сивачев Александр Николаевич,,,,,
845,857,Рябцев Петр Сергеевич,,,,,
846,858,Данилов Андрей Степанович,,,,,
847,859,Гудимов Степан Митрофанович,,,,,
848,860,Авдеев Александр Федорович,,,,,
849,861,Ковзан Борис Иванович,,,,,
850,862,Кубе Вильгельм,,,,,
851,863,Готтберг Курт фон,,,,,
852,864,Ганько Михаил Ефимович,,,,,
853,865,Абрамова Надежда Александровна,,,,,
854,866,Островский Радослав Казимирович,,,,,
855,867,Кушель Франц Винцентович,,,,,
856,868,Гитлер Адольф Алоизович,,,,,
857,869,Гиммлер Генрих Луитпольд,,,,,
858,870,Корж Василий Захарович,,,,,
859,871,Бумажков Тихон Пименович,,,,,
860,872,Павловский Федор Илларионович,,,,,
861,873,Крылович Федор Андреевич,,,,,
862,874,Мазаник Елена Григорьевна,,,,,
863,875,Троян Надежда Викторовна,,,,,
864,876,Осипова Мария Борисовна,,,,,
865,877,Рокоссовский Константин Константинович,,,,,
866,878,Захаров Георгий Федорович,,,,,
867,879,Черняховский Иван Данилович,,,,,
868,880,Баграмян Иван Христофорович,,,,,
869,881,Василевский Александр Михайлович,,,,,
870,882,Жуков Георгий Константинович,,,,,
871,883,Голавочев Павел Яковлевич,,,,,
872,884,Гусаковский Иосиф Ираклиевич,,,,,
873,885,Шутов Степан Федорович,,,,,
874,886,Якубовский Иван Игнатьевич,,,,,
875,888,Жебрак Антон Романович,,,,,
876,889,Перцев Владимир Николаевич,,,,,
877,890,Байдаков Георгий Ипатович,,,,,чуть нашла имя отчество….
878,891,Шмыгов Фрол Порфирьевич,,,,,
879,892,Ширма Григорий Романович,,,,,
880,893,Аникейчик Анатолий Александрович,,,,,
881,894,Шевченко Тарас Григорьевич,,,,,
882,895,Уолт Уитмен,,,,,
883,896,Мартынов Сергей Николаевич,,,,,
884,897,Тупеко Вениамин (Виталий Иванович),,,,,
885,898,Шейн Павел Васильевич,,,,,
886,899,Романов Евлоким Романович,,,,,
887,900,Семашко Иосиф,,,,,
888,901,Корнилов Иван Петрович,,,,,
889,902,Чорный Кузьма (Романовский Николай Карлович),,,,,
890,903,Лыньков Михась (Михаил Тихонович),,,,,
891,904,Курчевский Иоанн,,,,,
892,905,Герд Джеймс Артур,,,,,
893,906,Доленга-Ходаковский Зориан,,,,,
894,907,Григорович Иван Иванович,,,,,
895,908,Турчинович Иосиф Викентьевич,,,,,
896,909,Ковалевский Владимир Онуфриевич,,,,,
897,910,Ковалевский Александр Онуфриевич,,,,,
898,911,Врублевский Сигизмунд Флорентий,,,,,
899,912,Врублевский Эдуард Викентий Антонович,,,,,
900,913,Ермаков Василий Петрович,,,,,
901,914,??? Павловский К.,,,,,"Не нашла. Есть Павловский, Александр Кондратьевич, но каким боком он к Беларуси….и к трамваям…"
902,915,Ровинский Викентий Павлович,,,,,
903,916,Вереницын Константин Васильевич,,,,,
904,917,Горецкий Максим Иванович,,,,,
905,918,Бядуля Змитрок (Плавник Самуил Ефимович),,,,,
906,919,Чехов Антон Павлович,,,,,
907,920,Брюсов Валерий Яковлевич,,,,,
908,921,Ожешко Элиза,,,,,
909,922,Гарун Алесь (Прушинский Александр Владимирович),,,,,
910,923,Буйло Констанция Антоновна,,,,,
911,924,Журба Янка (Ивашин Иван Яковлевич),,,,,
912,925,"Голубок Владислав Иосифович (Голуб, Голубев)",,,,,
913,926,Жданович Флориан Павлович,,,,,
914,927,Хруцкий Иван Фомич,,,,,
915,928,"Дмоховский Викентий Игнатович (Винсент, Винцеты)",,,,,
916,929,Горавский Апполинарий Гиляриевич,,,,,
917,930,Рущиц Фердинанд,,,,,
918,931,Бялыницкий-Бируля Витольд Каэтанович,,,,,
919,932,Коровин Константин Алексеевич,,,,,
920,933,Поленов Василий Дмитриевич,,,,,
921,934,Прянишников Илларион Михайлович,,,,,
922,935,Левитан Исаак Ильич,,,,,
923,936,Малевич Казимир Северинович,,,,,
924,937,Юдовин Соломон Борисович (Шлойме Борухович),,,,,
925,938,Фальк Роберт Рафаилович,,,,,
926,939,Некрашевич Степан Михайлович,,,,,
927,940,Быховский Александр Яковлевич,,,,,
928,941,Александровская Лариса Помпеевна,,,,,
929,942,Млодек Рита Вениаминовна,,,,,
930,943,Денисов Михаил Иванович,,,,,
931,944,Чуркин Николай Николаевич,,,,,
932,945,Аладов Николай Ильич,,,,,
933,946,Тикоцкий Евгений Карлович,,,,,
934,947,Крылович Владимир Николаевич,,,,,
935,948,Платонов Борис Викторович,,,,,
936,949,Владомирский Владимир Иосифович,,,,,
937,950,Молчанов Павел Степанович,,,,,
938,951,Ильинский Александр Константинович,,,,,
939,952,Ржецкая Лидия Ивановна,,,,,
940,953,??? Леоньтев Михаил,,,,,
941,954,Мавр Янка (Федоров Иван Михайлович),,,,,
942,955,Бахар Иосиф Васильевич,,,,,
943,957,Филиппович Михаил Матвеевич,,,,,
944,958,Станюта Михаил Петрович,,,,,
945,959,Тычина Анатолий Николаевич,,,,,
946,960,Грубе Александр Васильевич,,,,,
947,961,Бразер Абрам Маркович,,,,,
948,962,Ахремчик Иван Осипович,,,,,
949,963,Воинов Александр Петрович,,,,,
950,964,Вараксин Владимир Николаевич,,,,,
951,965,Усова Любовь Дмитриевна,,,,,
952,966,Рак-Михайловский Симон Александрович,,,,,
953,967,Тавлай Валентин Павлович,,,,,
954,968,Машара Михаил Антонович,,,,,
955,969,Засим Микола (Николай Артемьевич),,,,,
956,970,Севрук Михась (Михаил Константинович),,,,,
957,971,Южик Павел Фомич,,,,,
958,972,Залкинд Бер,,,,,"практически нет информации, художник"
959,973,Вишневский Сергей,,,,,
960,974,Крачковский Дмитрий Николаевич,,,,,Мало информации
961,975,Гриневич Антон Антонович,,,,,
962,976,Купревич Василий Феофилович,,,,,
963,977,Альсмик Петр Иванович,,,,,
964,978,Богомолов Герасим Васильевич,,,,,
965,979,Борисевич Николай Александрович,,,,,
966,980,Илизаров Гавриил Абрамович,,,,,
967,981,Бирич Татьяна Васильевна,,,,,
968,982,Мацепуро Михаил Ефремович,,,,,
969,983,Толкачев Виталий Антонович,,,,,
970,984,Грузинский Виктор Владимирович,,,,,
971,985,Бровка Петрусь (Петр Устинович),,,,,
972,986,Панченко Пимен Емельянович,,,,,
973,987,Глебка Петрусь (Петр Федорович),,,,,
974,989,Гилевич Нил Семенович,,,,,
975,990,Цитович Геннадий Иванович,,,,,
976,991,Райский Борис Ипполитович,,,,,
977,992,Богатырев Анатолий Васильевич,,,,,
978,993,Подковыров Петр Петрович,,,,,
979,994,Пукст Григорий Константинович,,,,,
980,995,Лукас Дмитрий Александрович,,,,,
981,996,Вуячич Дмитрий Лукьянович,,,,,
982,997,Евдокимов Ярослав Александрович,,,,,
983,998,Раевская Тамара Григорьевна,,,,,
984,999,Шибнёв Александр Сергеевич,,,,,
985,1000,Зайцев Евгений Алексеевич,,,,,
986,1001,Суховерхов Владимир Павлович,,,,,
987,1002,Щемелев Леонид Дмитриевич,,,,,
988,1003,Данцин Май Вольфович,,,,,
989,1004,Исачёв Александр Анатольевич,,,,,
990,1005,Кучар Айзик Евелевич,,,,,
991,1006,Губаревич Кастусь (Константин Леонтьевич),,,,,
992,1007,Мовзон Аркадий Иосифович,,,,,
993,1008,Туренков Алексей Евлампиевич,,,,,
994,1009,Смольский Дмитрий Брониславович,,,,,
995,1010,Семеняко Юрий Владимирович,,,,,
996,1011,Глебов Глеб Павлович (Сорокин),,,,,
997,1012,Макарова Галина Климентьевна,,,,,
998,1013,Макаёнок Андрей Егорович,,,,,
999,1014,Глебов Евгений Александрович,,,,,
1000,1015,Кортес Сергей Альбертович,,,,,
1001,1016,Бруно Джордано,,,,,
1002,1017,Селиханов Константин Владимирович,,,,,
1003,1018,Бембель Андрей Онуфриевич,,,,,
1004,1019,Бобыль Владимир Данилович,,,,,
1005,1021,Градов Юрий Михайлович,,,,,
1006,1022,Занкович Валентин Павлович,,,,,
1007,1023,Левин Леонид Менделевич,,,,,
1008,1024,Король Владимир Адамович,,,,,
1009,1025,Ромуальд Клим Иосифович,,,,,
1010,1026,Богинская Светлана Леонидовна,,,,,
1011,1027,Тараненко Леонид Аркадьевич,,,,,
1012,1028,Парфенович Владимир Владимирович,,,,,
1013,1029,Селещук Николай Михайлович,,,,,
1014,1030,Стельмашонок Владимир Иванович,,,,,
1015,1031,Масленников Павел Васильевич,,,,,
1016,1032,Масленников Владимир Павлович,,,,,
1017,1033,Масленников Павел Владимирович,,,,,
1018,1034,Слуцкая Анастасия,,,,,
1019,1035,Мартынов Сергей Анатольевич,,,,,
1020,1036,Азаренко Виктория Фёдоровна,,,,,
1021,1037,Мирный Максим Николаевич,,,,,
1022,1038,Литвинович Иван Владимирович,,,,,
1023,1039,Бокий Игорь Александрович,,,,,
1024,1040,Талай Алексей Константинович,,,,,
